processor,cpu_cores,gpu_cores,threadgroup,n_features,kappa,eta,split,trial,N,T_cpu_s,T_gpu_s,speedup
M4,10,10,256,10,6.0,5.0,train,0,100,0.001090292000299,0.0046445409998341,0.2347469858352038
M4,10,10,256,10,6.0,5.0,train,0,500,0.0086449999998876,0.0034200000000055,2.5277777777408423
M4,10,10,256,10,6.0,5.0,train,0,1000,0.0295275839998794,0.007947874999445,3.715154554134427
M4,10,10,256,10,6.0,5.0,train,0,2500,0.1826502499998241,0.0053556249995381,34.10437624284303
M4,10,10,256,10,6.0,5.0,train,0,5000,0.6652950000006967,0.0150019589991643,44.34720825711867
M4,10,10,256,10,6.0,5.0,train,0,7500,1.4636724989995855,0.0215009579997058,68.07475736753725
M4,10,10,256,10,6.0,5.0,train,0,10000,2.5005092090004837,0.0283347090007737,88.24898145000193
M4,10,10,256,10,6.0,5.0,test,0,20000,9.594930000000204,0.0689902909998636,139.07652600014643
M4,10,10,256,10,6.0,5.0,test,0,30000,21.35832775000017,0.1546355419995961,138.12043126576907
M4,10,10,256,10,6.0,5.0,test,0,40000,37.96469762499965,0.2711643339998772,140.00623557306332
M4,10,10,256,10,6.0,5.0,test,0,60000,84.89502504100074,0.5896560410001257,143.97380699603931
M4,10,10,256,10,6.0,5.0,train,1,100,0.0010314580003978,0.0028425840000636,0.3628592859084328
M4,10,10,256,10,6.0,5.0,train,1,500,0.0086232090006888,0.0020823330005441,4.141128723616893
M4,10,10,256,10,6.0,5.0,train,1,1000,0.0318357509995621,0.0026960840004903,11.80814507032116
M4,10,10,256,10,6.0,5.0,train,1,2500,0.1993756259998917,0.0057293339996249,34.79909288111733
M4,10,10,256,10,6.0,5.0,train,1,5000,0.67486370899951,0.0116037509997113,58.15909950293645
M4,10,10,256,10,6.0,5.0,train,1,7500,1.4747093330006464,0.011521833000188,127.99259744318262
M4,10,10,256,10,6.0,5.0,train,1,10000,2.582620209000197,0.01942258300096,132.96996639800923
M4,10,10,256,10,6.0,5.0,test,1,20000,9.786605375000365,0.066582625000592,146.98437279865934
M4,10,10,256,10,6.0,5.0,test,1,30000,21.65881787499984,0.1505912500006161,143.8252081373335
M4,10,10,256,10,6.0,5.0,test,1,40000,38.11028475100011,0.259276707999561,146.98692005555944
M4,10,10,256,10,6.0,5.0,test,1,60000,84.89519933299925,0.5787980830009474,146.6749836019417
M4,10,10,256,10,6.0,5.0,train,2,100,0.001056874999449,0.0050970840002264,0.2073489468492393
M4,10,10,256,10,6.0,5.0,train,2,500,0.0085298329995566,0.0034279580004294,2.4883131585882756
M4,10,10,256,10,6.0,5.0,train,2,1000,0.0296359169997231,0.0024094169993986,12.300036484809176
M4,10,10,256,10,6.0,5.0,train,2,2500,0.1914225420005095,0.0065788329993665,29.096732204471575
M4,10,10,256,10,6.0,5.0,train,2,5000,0.6828858750004656,0.0080965420011125,84.3429052682776
M4,10,10,256,10,6.0,5.0,train,2,7500,1.463508957999693,0.0120517510003992,121.43537963497684
M4,10,10,256,10,6.0,5.0,train,2,10000,2.599952000000485,0.0194066249996467,133.97239345057744
M4,10,10,256,10,6.0,5.0,test,2,20000,9.803494834000048,0.0670163749991843,146.2850659129111
M4,10,10,256,10,6.0,5.0,test,2,30000,21.708783665999363,0.1474561250006445,147.22198664792305
M4,10,10,256,10,6.0,5.0,test,2,40000,38.01643158300067,0.261230125000111,145.52851277387902
M4,10,10,256,10,6.0,5.0,test,2,60000,84.889033251,0.5788326660003804,146.65556772662208
M4,10,10,256,10,6.0,5.0,train,3,100,0.0012037910009894,0.0033040830003301,0.3643343707979369
M4,10,10,256,10,6.0,5.0,train,3,500,0.010218999999779,0.0021304990023054,4.796528883008594
M4,10,10,256,10,6.0,5.0,train,3,1000,0.0324095830001169,0.0027012909995391,11.997812529507415
M4,10,10,256,10,6.0,5.0,train,3,2500,0.1799725000000762,0.0066892910017486,26.904570297962785
M4,10,10,256,10,6.0,5.0,train,3,5000,0.6618861660008406,0.0131460419997893,50.348703131440544
M4,10,10,256,10,6.0,5.0,train,3,7500,1.4323633330004668,0.0185309160005999,77.29587317508165
M4,10,10,256,10,6.0,5.0,train,3,10000,2.5136340419994667,0.0282719169990741,88.90921836258157
M4,10,10,256,10,6.0,5.0,test,3,20000,9.601297666999926,0.0721673329990153,133.04215727538286
M4,10,10,256,10,6.0,5.0,test,3,30000,21.136678875000143,0.1475683339995157,143.23316054424998
M4,10,10,256,10,6.0,5.0,test,3,40000,37.75104345899945,0.2623317909983598,143.90571312508396
M4,10,10,256,10,6.0,5.0,test,3,60000,84.67009733299983,0.5752795419994072,147.1807897752204
M4,10,10,256,10,6.0,5.0,train,4,100,0.0010500839980522,0.0040195420006057,0.2612446885476118
M4,10,10,256,10,6.0,5.0,train,4,500,0.0086816249986441,0.0029160830017644,2.977152911419514
M4,10,10,256,10,6.0,5.0,train,4,1000,0.0302128750008705,0.0023437490017386,12.890832157563953
M4,10,10,256,10,6.0,5.0,train,4,2500,0.1878531660004228,0.0053019160004623,35.431184874305906
M4,10,10,256,10,6.0,5.0,train,4,5000,0.6653550409992022,0.0091907080022792,72.39431835220913
M4,10,10,256,10,6.0,5.0,train,4,7500,1.463692290999461,0.0139728340000147,104.7527145171782
M4,10,10,256,10,6.0,5.0,train,4,10000,2.5865405419990566,0.0194128760012972,133.23840021572337
M4,10,10,256,10,6.0,5.0,test,4,20000,9.77732791699782,0.0670424989984894,145.8377605706212
M4,10,10,256,10,6.0,5.0,test,4,30000,21.6412890419997,0.1498759159985638,144.3947074338953
M4,10,10,256,10,6.0,5.0,test,4,40000,37.97342470900185,0.2589906670018536,146.62082286050128
M4,10,10,256,10,6.0,5.0,test,4,60000,84.80661725000027,0.5754016670016426,147.38681188033152
M4,10,10,256,10,6.0,5.0,train,5,100,0.0010162500002479,0.0030273749998741,0.3356868575218495
M4,10,10,256,10,6.0,5.0,train,5,500,0.0085906670010444,0.0050509580014477,1.7007995312141189
M4,10,10,256,10,6.0,5.0,train,5,1000,0.0301533740002923,0.0034727080001175,8.68295693138369
M4,10,10,256,10,6.0,5.0,train,5,2500,0.1876267500010726,0.0059905840007559,31.320276950861075
M4,10,10,256,10,6.0,5.0,train,5,5000,0.6725290010017488,0.0119920839988481,56.08107824014146
M4,10,10,256,10,6.0,5.0,train,5,7500,1.4708889160010583,0.011453375000201,128.4240598055367
M4,10,10,256,10,6.0,5.0,train,5,10000,2.61785958299879,0.0193874579981638,135.02851086752673
M4,10,10,256,10,6.0,5.0,test,5,20000,9.755450874999951,0.067026499998974,145.54617763346255
M4,10,10,256,10,6.0,5.0,test,5,30000,21.565235000998655,0.1484246660020289,145.29414538621134
M4,10,10,256,10,6.0,5.0,test,5,40000,38.03850804099784,0.2619561669998802,145.2094389555457
M4,10,10,256,10,6.0,5.0,test,5,60000,84.92221262500061,0.5796922089994041,146.49534926747293
M4,10,10,256,10,6.0,5.0,train,6,100,0.0010376259997428,0.00275049999982,0.3772499544849237
M4,10,10,256,10,6.0,5.0,train,6,500,0.0083655830003408,0.0020917920010106,3.999242274709505
M4,10,10,256,10,6.0,5.0,train,6,1000,0.0307327909995365,0.0044737500011251,6.869581669026473
M4,10,10,256,10,6.0,5.0,train,6,2500,0.185821584002042,0.0057056669993471,32.567898551265564
M4,10,10,256,10,6.0,5.0,train,6,5000,0.7046820420018776,0.0135248749993479,52.10266579438632
M4,10,10,256,10,6.0,5.0,train,6,7500,1.4326849580011185,0.019427542001722,73.7450449405348
M4,10,10,256,10,6.0,5.0,train,6,10000,2.496167332999903,0.0268965419982123,92.80625491432352
M4,10,10,256,10,6.0,5.0,test,6,20000,9.585973250001189,0.0703776660011499,136.20760384188588
M4,10,10,256,10,6.0,5.0,test,6,30000,21.33017995800037,0.1501880410014564,142.02315854025636
M4,10,10,256,10,6.0,5.0,test,6,40000,37.953745041999355,0.2628869999989547,144.37284857048948
M4,10,10,256,10,6.0,5.0,test,6,60000,84.76064224999755,0.5780595820015151,146.62959474958654
M4,10,10,256,10,6.0,5.0,train,7,100,0.0010168329990847,0.0034372080008324,0.295831092805107
M4,10,10,256,10,6.0,5.0,train,7,500,0.0084772079990216,0.0039453749996027,2.148644425403185
M4,10,10,256,10,6.0,5.0,train,7,1000,0.029967165997732,0.0023517919998994,12.742268873698666
M4,10,10,256,10,6.0,5.0,train,7,2500,0.1804455839992442,0.0069864580000285,25.82790650119245
M4,10,10,256,10,6.0,5.0,train,7,5000,0.6666906669997843,0.0091675000021496,72.72327972112983
M4,10,10,256,10,6.0,5.0,train,7,7500,1.4869335000003048,0.0127194590004364,116.90225975407289
M4,10,10,256,10,6.0,5.0,train,7,10000,2.565863583002283,0.0194020840008306,132.24680312137767
M4,10,10,256,10,6.0,5.0,test,7,20000,9.79573629099832,0.0671543339994968,145.869011091253
M4,10,10,256,10,6.0,5.0,test,7,30000,21.57120079100241,0.1496347909996984,144.15899301818038
M4,10,10,256,10,6.0,5.0,test,7,40000,38.02318958300202,0.2620739999983925,145.0856993949619
M4,10,10,256,10,6.0,5.0,test,7,60000,84.71174195800086,0.5710771239992027,148.3367804417939
M4,10,10,256,10,6.0,5.0,train,8,100,0.0010199170010309,0.0038755000005039,0.2631704298537897
M4,10,10,256,10,6.0,5.0,train,8,500,0.0084461660026136,0.0015926670002954,5.303158790284876
M4,10,10,256,10,6.0,5.0,train,8,1000,0.0296666260019264,0.0043894169994018,6.75867114151356
M4,10,10,256,10,6.0,5.0,train,8,2500,0.1826086250002845,0.0040729159991315,44.83486156827765
M4,10,10,256,10,6.0,5.0,train,8,5000,0.6730512909998652,0.0079938330000004,84.19631621023697
M4,10,10,256,10,6.0,5.0,train,8,7500,1.4614137909993588,0.0142602500000066,102.48163889123111
M4,10,10,256,10,6.0,5.0,train,8,10000,2.5583576249991893,0.0195290829997247,131.00244517549768
M4,10,10,256,10,6.0,5.0,test,8,20000,9.787512584001888,0.0677493329985736,144.4665526700897
M4,10,10,256,10,6.0,5.0,test,8,30000,21.596119207999436,0.1468044590001227,147.1080603074964
M4,10,10,256,10,6.0,5.0,test,8,40000,38.014569126000424,0.2603684590012562,146.00297313975733
M4,10,10,256,10,6.0,5.0,test,8,60000,84.81558725100149,0.5734928340007173,147.893020143466
M4,10,10,256,10,6.0,5.0,train,9,100,0.0010632079993229,0.0045826240002497,0.2320085608736308
M4,10,10,256,10,6.0,5.0,train,9,500,0.0082900419984071,0.002646792001542,3.132109358641414
M4,10,10,256,10,6.0,5.0,train,9,1000,0.0302157499991153,0.00549349999892,5.500273050888427
M4,10,10,256,10,6.0,5.0,train,9,2500,0.1764705410005262,0.0063420840015169,27.825323814430305
M4,10,10,256,10,6.0,5.0,train,9,5000,0.6628774580003665,0.0126131670003815,52.554402711096785
M4,10,10,256,10,6.0,5.0,train,9,7500,1.437900250999519,0.0202086249992134,71.15279990872614
M4,10,10,256,10,6.0,5.0,train,9,10000,2.5122549169991544,0.0280131659983453,89.68122050708388
M4,10,10,256,10,6.0,5.0,test,9,20000,9.57816958299736,0.071681958001136,133.6203676641416
M4,10,10,256,10,6.0,5.0,test,9,30000,21.126347542000076,0.1481918750014301,142.56076820538368
M4,10,10,256,10,6.0,5.0,test,9,40000,37.644691416999194,0.2633477500003209,142.94669848879786
M4,10,10,256,10,6.0,5.0,test,9,60000,84.76543300100275,0.5747029160011152,147.49434993442466
M4,10,10,256,10,6.0,5.0,train,10,100,0.001027125001201,0.003735416001291,0.2749693744541618
M4,10,10,256,10,6.0,5.0,train,10,500,0.0086250830008793,0.0039635829998587,2.17608234801358
M4,10,10,256,10,6.0,5.0,train,10,1000,0.0300362919988401,0.0044372500015015,6.7691232156574825
M4,10,10,256,10,6.0,5.0,train,10,2500,0.1865273339990381,0.0059145410014025,31.537076833993723
M4,10,10,256,10,6.0,5.0,train,10,5000,0.6833122509997338,0.0102973739994922,66.35791329259537
M4,10,10,256,10,6.0,5.0,train,10,7500,1.476160834001348,0.0118301260008593,124.77980656284842
M4,10,10,256,10,6.0,5.0,train,10,10000,2.56006487400009,0.01993904200026,128.39457753119217
M4,10,10,256,10,6.0,5.0,test,10,20000,9.76218466699902,0.0670583339997392,145.57750073297342
M4,10,10,256,10,6.0,5.0,test,10,30000,21.59314683299999,0.1498724580014823,144.07681785526214
M4,10,10,256,10,6.0,5.0,test,10,40000,38.06068816699917,0.2605407920000289,146.08341317621753
M4,10,10,256,10,6.0,5.0,test,10,60000,84.90155841600063,0.5808435420003661,146.16941099768155
M4,10,10,256,10,6.0,5.0,train,11,100,0.0010081250002258,0.0039854999995441,0.2529481872641225
M4,10,10,256,10,6.0,5.0,train,11,500,0.0085860830022284,0.0026119989979633,3.2871693323477964
M4,10,10,256,10,6.0,5.0,train,11,1000,0.030406750000111,0.0022972499991738,13.23615192558353
M4,10,10,256,10,6.0,5.0,train,11,2500,0.1830873750004684,0.0058514590000413,31.289183603469557
M4,10,10,256,10,6.0,5.0,train,11,5000,0.6723404169988498,0.0098899580007127,67.9821306572174
M4,10,10,256,10,6.0,5.0,train,11,7500,1.4703963749998366,0.0126470830000471,116.2636771652686
M4,10,10,256,10,6.0,5.0,train,11,10000,2.553416125001604,0.0194170830000075,131.5035901633943
M4,10,10,256,10,6.0,5.0,test,11,20000,9.79783529100132,0.0665570000001025,147.2096893036979
M4,10,10,256,10,6.0,5.0,test,11,30000,21.610746541999102,0.1458695420005824,148.15119212421203
M4,10,10,256,10,6.0,5.0,test,11,40000,38.03622916700078,0.2618012919992907,145.2866365804789
M4,10,10,256,10,6.0,5.0,test,11,60000,84.71291841600032,0.5805587499999092,145.9161857710586
M4,10,10,256,10,6.0,5.0,test,12,80000,149.7447264580005,1.0244242079988908,146.1745293490396
M4,10,10,256,10,6.0,5.0,test,12,100000,234.40050720900035,1.5795702499999607,148.39511392988453
