timestamp,cpu_pct,cpu_temp_c,gpu_temp_c,gpu_util_pct
2026-07-18T22:42:33,2.0,37.2,33.8,12.0
2026-07-18T22:42:43,1.9,37.1,33.8,12.0
2026-07-18T22:42:53,28.4,55.5,39.3,10.0
2026-07-18T22:43:03,98.9,63.2,45.9,11.0
2026-07-18T22:43:13,98.9,68.5,50.9,8.0
2026-07-18T22:43:23,99.6,72.7,54.8,8.0
2026-07-18T22:43:33,99.1,76.2,58.2,8.0
2026-07-18T22:43:43,100.0,78.6,60.9,8.0
2026-07-18T22:43:53,99.2,80.7,63.0,8.0
2026-07-18T22:44:03,99.2,81.9,64.7,12.0
2026-07-18T22:44:13,99.8,84.6,66.9,8.0
2026-07-18T22:44:23,100.0,86.3,68.4,8.0
2026-07-18T22:44:33,99.9,87.9,70.0,8.0
2026-07-18T22:44:43,100.0,89.2,71.3,8.0
2026-07-18T22:44:53,99.3,90.3,72.3,8.0
2026-07-18T22:45:03,100.0,90.5,72.5,12.0
2026-07-18T22:45:13,100.0,90.5,72.4,8.0
2026-07-18T22:45:23,100.0,90.4,72.4,8.0
2026-07-18T22:45:33,86.8,88.3,71.5,73.0
2026-07-18T22:45:43,98.8,88.4,71.0,8.0
2026-07-18T22:45:53,99.5,88.4,70.8,8.0
2026-07-18T22:46:03,99.3,88.3,70.7,12.0
2026-07-18T22:46:13,99.0,88.5,70.8,8.0
2026-07-18T22:46:23,100.0,88.5,70.9,8.0
2026-07-18T22:46:33,99.4,88.5,70.9,8.0
2026-07-18T22:46:43,99.3,88.1,70.8,8.0
2026-07-18T22:46:53,99.5,88.7,71.1,8.0
2026-07-18T22:47:03,99.9,88.8,71.2,12.0
2026-07-18T22:47:13,99.9,88.9,71.3,8.0
2026-07-18T22:47:23,99.9,88.9,71.3,8.0
2026-07-18T22:47:33,98.3,88.8,71.2,8.0
2026-07-18T22:47:43,99.9,88.7,71.2,8.0
2026-07-18T22:47:53,100.0,88.7,71.1,8.0
2026-07-18T22:48:03,99.9,88.6,71.0,12.0
2026-07-18T22:48:13,86.4,86.5,70.2,73.0
2026-07-18T22:48:23,98.6,86.9,69.6,8.0
2026-07-18T22:48:33,99.5,87.1,69.5,8.0
2026-07-18T22:48:43,99.4,87.1,69.5,8.0
2026-07-18T22:48:53,99.2,87.4,69.8,8.0
2026-07-18T22:49:03,99.9,87.6,70.0,12.0
2026-07-18T22:49:13,98.8,87.7,70.1,8.0
2026-07-18T22:49:23,99.3,87.6,70.3,8.0
2026-07-18T22:49:33,99.7,88.3,70.7,8.0
2026-07-18T22:49:43,99.9,88.6,71.0,8.0
2026-07-18T22:49:53,99.9,88.7,71.1,8.0
2026-07-18T22:50:03,99.9,88.7,71.2,13.0
2026-07-18T22:50:13,97.9,88.6,71.0,8.0
2026-07-18T22:50:23,99.9,88.6,71.0,8.0
2026-07-18T22:50:33,99.9,88.6,71.0,8.0
2026-07-18T22:50:43,99.8,88.6,71.0,8.0
2026-07-18T22:50:53,58.6,68.8,65.8,70.0
2026-07-18T22:51:03,2.6,61.8,58.7,16.0
2026-07-18T22:51:13,1.8,57.4,54.3,12.0
2026-07-18T22:51:23,3.6,55.1,51.4,11.0
2026-07-18T22:51:33,3.0,52.4,49.1,11.0
2026-07-18T22:51:43,1.6,50.9,47.5,12.0
2026-07-18T22:51:53,1.7,49.7,46.5,12.0
2026-07-18T22:52:40,1.7,46.2,42.9,12.0
2026-07-18T22:52:50,2.3,45.7,42.3,12.0
2026-07-18T22:53:00,2.2,45.2,41.9,14.0
2026-07-18T22:53:10,2.0,44.6,41.4,14.0
2026-07-18T22:53:20,61.3,66.0,48.8,9.0
2026-07-18T22:53:30,98.8,72.1,54.4,8.0
2026-07-18T22:53:40,99.5,76.6,58.8,8.0
2026-07-18T22:53:50,99.1,78.9,61.8,8.0
2026-07-18T22:54:00,100.0,82.4,64.9,10.0
2026-07-18T22:54:10,99.5,84.7,67.1,10.0
2026-07-18T22:54:20,100.0,86.7,69.0,8.0
2026-07-18T22:54:30,99.0,88.7,70.8,8.0
2026-07-18T22:54:40,100.0,90.4,72.4,8.0
2026-07-18T22:54:50,100.0,91.0,73.0,8.0
2026-07-18T22:55:00,100.0,90.9,73.0,10.0
2026-07-18T22:55:10,98.5,90.6,72.7,10.0
2026-07-18T22:55:20,99.9,90.3,72.5,8.0
2026-07-18T22:55:30,100.0,90.1,72.4,8.0
2026-07-18T22:55:40,100.0,89.8,72.1,8.0
2026-07-18T22:55:50,98.7,88.1,71.4,8.0
2026-07-18T22:56:00,87.0,87.7,70.6,71.0
2026-07-18T22:56:10,99.1,87.4,69.9,10.0
2026-07-18T22:56:20,99.5,86.8,69.5,8.0
2026-07-18T22:56:30,99.3,86.4,69.1,8.0
2026-07-18T22:56:40,100.0,86.8,69.4,8.0
2026-07-18T22:56:50,98.9,86.6,69.2,8.0
2026-07-18T22:57:00,99.9,86.6,69.3,10.0
2026-07-18T22:57:10,99.0,86.8,69.3,10.0
2026-07-18T22:57:20,100.0,87.1,69.6,8.0
2026-07-18T22:57:30,99.9,87.3,69.8,8.0
2026-07-18T22:57:40,100.0,87.4,69.9,8.0
2026-07-18T22:57:50,98.8,87.3,69.9,8.0
2026-07-18T22:58:00,100.0,87.5,70.2,10.0
2026-07-18T22:58:10,100.0,87.7,70.2,10.0
2026-07-18T22:58:20,100.0,87.8,70.3,8.0
2026-07-18T22:58:30,98.4,86.6,70.0,8.0
2026-07-18T22:58:40,87.5,86.6,69.4,73.0
2026-07-18T22:58:50,98.9,86.7,69.3,8.0
2026-07-18T22:59:00,99.7,86.5,69.4,10.0
2026-07-18T22:59:10,99.2,86.3,69.2,10.0
2026-07-18T22:59:20,99.7,87.1,69.7,8.0
2026-07-18T22:59:30,99.1,87.2,69.7,8.0
2026-07-18T22:59:40,99.9,87.3,69.9,8.0
2026-07-18T22:59:50,98.7,87.5,70.0,8.0
2026-07-18T23:00:00,100.0,87.8,70.5,12.0
2026-07-18T23:00:10,99.9,88.1,70.6,12.0
2026-07-18T23:00:20,100.0,88.2,70.8,8.0
2026-07-18T23:00:30,99.0,88.2,70.7,8.0
2026-07-18T23:00:40,100.0,88.4,70.9,8.0
2026-07-18T23:00:50,99.9,88.4,70.9,8.0
2026-07-18T23:01:00,100.0,88.4,71.0,10.0
2026-07-18T23:01:10,98.3,86.9,70.4,10.0
2026-07-18T23:01:20,30.3,66.3,62.8,66.0
2026-07-18T23:01:30,1.7,60.2,57.0,12.0
2026-07-18T23:01:40,1.6,56.3,53.0,12.0
2026-07-18T23:01:50,1.8,53.4,50.2,12.0
2026-07-18T23:02:00,2.0,51.7,48.4,14.0
2026-07-18T23:02:10,1.9,50.4,47.2,13.0
2026-07-18T23:02:20,1.7,49.4,46.2,12.0
2026-07-18T23:02:30,1.6,48.6,45.4,12.0
2026-07-18T23:02:40,1.5,47.8,44.6,12.0
2026-07-18T23:02:50,1.7,47.2,43.9,11.0
2026-07-18T23:03:00,2.0,46.7,43.4,14.0
2026-07-18T23:03:10,1.9,46.1,42.7,14.0
2026-07-18T23:03:20,1.7,45.6,42.2,12.0
2026-07-18T23:03:30,1.5,45.0,41.8,12.0
2026-07-18T23:03:40,1.6,44.6,41.3,12.0
2026-07-18T23:03:50,2.0,44.1,40.8,12.0
2026-07-18T23:04:00,3.6,44.1,40.8,14.0
2026-07-18T23:04:10,2.0,43.6,40.3,14.0
2026-07-18T23:04:20,1.9,43.2,39.9,12.0
2026-07-18T23:04:30,1.9,43.0,39.6,12.0
2026-07-18T23:04:40,1.8,42.6,39.3,12.0
2026-07-18T23:04:50,1.8,42.3,39.0,12.0
2026-07-18T23:05:00,2.0,42.1,38.8,14.0
2026-07-18T23:05:10,2.3,42.2,38.5,14.0
2026-07-18T23:05:20,2.1,41.6,38.3,12.0
2026-07-18T23:05:30,1.7,41.4,38.0,12.0
2026-07-18T23:05:40,1.8,41.2,37.9,12.0
2026-07-18T23:05:50,1.7,41.0,37.6,12.0
2026-07-18T23:06:00,2.1,40.8,37.5,14.0
2026-07-18T23:06:10,7.0,42.2,37.7,13.0
2026-07-18T23:06:20,5.1,41.1,37.8,11.0
2026-07-18T23:06:30,1.6,40.8,37.4,12.0
2026-07-18T23:06:40,4.1,40.7,37.4,12.0
2026-07-18T23:06:50,1.7,40.4,37.1,12.0
2026-07-18T23:07:00,2.0,40.3,36.9,14.0
2026-07-18T23:07:10,2.0,39.9,36.6,14.0
2026-07-18T23:07:20,3.1,40.1,36.7,12.0
2026-07-18T23:07:30,4.8,40.0,36.6,11.0
2026-07-18T23:07:40,3.7,39.9,36.6,11.0
2026-07-18T23:07:50,4.3,39.9,36.5,12.0
2026-07-18T23:08:00,4.1,39.8,36.5,14.0
2026-07-18T23:08:10,4.5,44.9,36.9,13.0
2026-07-18T23:08:20,4.5,39.7,36.3,11.0
2026-07-18T23:08:30,1.6,39.4,36.0,12.0
2026-07-18T23:08:40,1.9,39.2,35.8,12.0
2026-07-18T23:08:50,2.6,42.0,35.7,12.0
2026-07-18T23:09:00,5.2,42.2,36.0,13.0
2026-07-18T23:09:10,4.5,42.2,36.0,13.0
2026-07-18T23:09:20,2.5,39.0,35.6,12.0
2026-07-18T23:09:30,1.9,39.1,35.4,12.0
2026-07-18T23:09:40,1.7,38.6,35.2,12.0
2026-07-18T23:09:50,1.8,38.4,35.0,12.0
2026-07-18T23:10:00,4.8,41.3,35.4,15.0
2026-07-18T23:10:10,4.7,38.7,35.3,14.0
2026-07-18T23:10:20,2.5,38.4,35.1,12.0
2026-07-18T23:10:30,1.6,38.2,34.9,12.0
2026-07-18T23:10:40,1.5,38.0,34.7,12.0
2026-07-18T23:10:50,1.8,37.9,34.5,12.0
2026-07-18T23:11:00,2.0,37.9,34.5,14.0
2026-07-18T23:11:10,2.1,37.7,34.3,14.0
2026-07-18T23:11:20,1.7,37.5,34.2,12.0
2026-07-18T23:11:30,1.5,37.4,34.1,12.0
2026-07-18T23:11:40,1.5,37.3,34.0,12.0
2026-07-18T23:11:50,2.1,39.5,34.0,12.0
2026-07-18T23:12:00,2.5,37.4,33.9,14.0
2026-07-18T23:12:10,1.9,37.1,33.8,13.0
2026-07-18T23:12:20,1.7,37.0,33.7,12.0
2026-07-18T23:12:30,1.5,37.0,33.6,12.0
2026-07-18T23:12:40,1.6,36.9,33.5,11.0
2026-07-18T23:12:50,1.6,36.8,33.4,12.0
2026-07-18T23:13:00,2.0,36.8,33.5,14.0
2026-07-18T23:13:10,1.9,36.7,33.3,14.0
2026-07-18T23:13:20,1.7,36.6,33.2,12.0
2026-07-18T23:13:30,1.5,36.5,33.2,12.0
2026-07-18T23:13:40,1.9,36.5,33.1,12.0
2026-07-18T23:13:50,2.1,36.4,33.1,12.0
2026-07-18T23:14:00,2.0,36.5,33.1,14.0
2026-07-18T23:14:10,1.9,36.3,33.0,13.0
2026-07-18T23:14:20,1.7,36.2,32.9,12.0
2026-07-18T23:14:30,1.6,36.2,32.8,12.0
2026-07-18T23:14:40,1.6,36.1,32.8,12.0
2026-07-18T23:14:50,2.0,36.1,32.7,12.0
2026-07-18T23:15:00,2.0,36.2,32.8,14.0
2026-07-18T23:15:10,1.9,36.0,32.7,13.0
2026-07-18T23:15:20,1.7,35.9,32.6,12.0
2026-07-18T23:40:26,2.0,34.3,30.5,12.0
2026-07-18T23:40:36,25.3,52.3,36.2,11.0
2026-07-18T23:40:46,98.4,59.9,42.9,8.0
2026-07-18T23:40:56,99.2,65.4,47.9,8.0
2026-07-18T23:41:06,99.5,69.4,51.8,12.0
2026-07-18T23:41:16,99.3,73.0,55.3,8.0
2026-07-18T23:41:26,100.0,75.8,57.9,8.0
2026-07-18T23:41:36,99.2,77.8,60.2,8.0
2026-07-18T23:41:46,99.1,78.9,61.9,8.0
2026-07-18T23:41:56,99.7,81.6,63.9,8.0
2026-07-18T23:42:06,100.0,83.1,65.6,12.0
2026-07-18T23:42:16,99.9,84.7,67.0,8.0
2026-07-18T23:42:26,100.0,86.0,68.3,8.0
2026-07-18T23:42:36,98.8,87.2,69.5,8.0
2026-07-18T23:42:46,100.0,88.5,70.7,8.0
2026-07-18T23:42:56,99.9,89.5,71.6,8.0
2026-07-18T23:43:06,100.0,90.0,72.2,12.0
2026-07-18T23:43:16,85.6,88.3,71.5,73.0
2026-07-18T23:43:26,99.2,88.6,71.2,8.0
2026-07-18T23:43:36,99.6,88.9,71.3,8.0
2026-07-18T23:43:46,99.4,88.9,71.3,8.0
2026-07-18T23:43:56,99.3,89.2,71.5,8.0
2026-07-18T23:44:06,99.9,89.4,71.7,11.0
2026-07-18T23:44:16,99.3,89.5,71.7,8.0
2026-07-18T23:44:26,99.0,89.1,71.8,8.0
2026-07-18T23:44:36,99.7,89.9,72.1,8.0
2026-07-18T23:44:46,100.0,89.8,72.1,8.0
2026-07-18T23:44:56,100.0,89.7,72.0,8.0
2026-07-18T23:45:06,99.9,89.5,71.9,12.0
2026-07-18T23:45:16,97.5,89.2,71.5,8.0
2026-07-18T23:45:26,99.9,88.9,71.4,8.0
2026-07-18T23:45:36,99.9,88.6,71.2,8.0
2026-07-18T23:45:46,100.0,88.4,70.9,8.0
2026-07-18T23:45:56,86.6,86.3,70.0,73.0
2026-07-18T23:46:06,99.3,86.7,69.4,12.0
2026-07-18T23:46:16,99.4,86.7,69.3,8.0
2026-07-18T23:46:26,99.1,86.5,69.1,8.0
2026-07-18T23:46:36,99.4,86.8,69.4,8.0
2026-07-18T23:46:46,99.9,87.0,69.5,8.0
2026-07-18T23:46:56,99.5,87.1,69.6,8.0
2026-07-18T23:47:06,99.1,87.2,69.8,12.0
2026-07-18T23:47:16,99.6,87.7,70.2,8.0
2026-07-18T23:47:26,100.0,88.0,70.6,8.0
2026-07-18T23:47:36,100.0,88.3,70.8,8.0
2026-07-18T23:47:46,100.0,88.5,71.0,8.0
2026-07-18T23:47:56,98.6,88.5,71.0,8.0
2026-07-18T23:48:06,100.0,88.6,71.1,12.0
2026-07-18T23:48:16,100.0,88.6,71.1,8.0
2026-07-18T23:48:26,100.0,88.5,71.1,8.0
2026-07-18T23:48:36,64.3,69.2,66.0,69.0
2026-07-18T23:48:46,1.9,62.2,58.9,12.0
2026-07-18T23:48:56,2.8,59.5,54.5,11.0
2026-07-18T23:49:06,3.6,54.5,51.3,15.0
2026-07-18T23:49:16,1.9,52.3,49.0,12.0
2026-07-18T23:49:26,1.7,50.8,47.5,12.0
2026-07-18T23:49:36,3.6,51.7,46.6,11.0
2026-07-18T23:49:46,3.1,48.8,45.5,12.0
2026-07-18T23:49:56,4.1,48.0,44.7,11.0
2026-07-18T23:50:06,3.5,47.1,43.9,16.0
2026-07-18T23:50:16,1.7,46.4,43.1,12.0
2026-07-18T23:50:26,1.7,45.7,42.4,12.0
2026-07-18T23:50:36,1.6,45.0,41.8,12.0
2026-07-18T23:50:46,2.4,44.6,41.3,12.0
2026-07-18T23:50:56,62.6,67.5,50.0,9.0
2026-07-18T23:51:06,100.0,73.7,55.8,12.0
2026-07-18T23:51:16,100.0,77.9,60.3,8.0
2026-07-18T23:51:26,99.9,81.2,63.5,8.0
2026-07-18T23:51:36,100.0,83.8,66.3,8.0
2026-07-18T23:51:46,100.0,86.1,68.4,8.0
2026-07-18T23:51:56,100.0,88.3,70.5,8.0
2026-07-18T23:52:06,98.5,90.0,72.1,12.0
2026-07-18T23:52:16,100.0,90.9,72.9,8.0
2026-07-18T23:52:26,100.0,90.9,73.0,8.0
2026-07-18T23:52:36,100.0,90.7,72.8,8.0
2026-07-18T23:52:46,100.0,90.5,72.6,8.0
2026-07-18T23:52:56,100.0,90.1,72.4,8.0
2026-07-18T23:53:06,99.9,89.8,72.2,12.0
2026-07-18T23:53:16,98.2,88.7,71.6,8.0
2026-07-18T23:53:26,99.3,88.8,71.4,8.0
2026-07-18T23:53:36,100.0,88.6,71.2,8.0
2026-07-18T23:53:46,100.0,88.3,70.9,8.0
2026-07-18T23:53:56,99.9,88.0,70.6,8.0
2026-07-18T23:54:06,100.0,87.7,70.4,12.0
2026-07-18T23:54:16,99.9,87.4,70.1,8.0
2026-07-18T23:54:26,99.9,87.1,69.8,8.0
2026-07-18T23:54:36,100.0,86.9,69.6,8.0
2026-07-18T23:54:46,100.0,86.6,69.3,8.0
2026-07-18T23:54:56,99.9,86.5,69.1,8.0
2026-07-18T23:55:06,99.9,86.3,69.0,12.0
2026-07-18T23:55:16,98.2,86.1,68.8,8.0
2026-07-18T23:55:26,99.9,86.1,68.8,8.0
2026-07-18T23:55:36,99.9,86.1,68.8,8.0
2026-07-18T23:55:46,100.0,86.2,68.9,8.0
2026-07-18T23:55:56,99.9,86.2,68.9,8.0
2026-07-18T23:56:06,99.9,86.3,69.0,12.0
2026-07-18T23:56:16,100.0,86.5,69.1,8.0
2026-07-18T23:56:26,99.9,86.6,69.2,8.0
2026-07-18T23:56:36,99.9,86.7,69.4,8.0
2026-07-18T23:56:46,100.0,86.8,69.5,8.0
2026-07-18T23:56:56,100.0,86.9,69.6,8.0
2026-07-18T23:57:06,95.9,86.1,69.3,12.0
2026-07-18T23:57:16,81.6,72.1,87.8,83.0
2026-07-18T23:57:26,2.2,62.2,59.2,57.0
2026-07-18T23:57:36,1.5,57.1,54.0,12.0
2026-07-18T23:57:46,1.6,53.5,50.4,12.0
2026-07-18T23:57:56,1.7,51.3,48.1,12.0
2026-07-18T23:58:06,2.4,49.8,46.6,15.0
2026-07-18T23:58:16,1.9,49.4,45.5,12.0
2026-07-18T23:58:26,3.1,48.0,44.8,11.0
2026-07-18T23:58:36,3.4,47.4,44.1,11.0
2026-07-18T23:58:46,2.3,46.6,43.3,12.0
2026-07-18T23:58:56,1.7,46.0,42.7,12.0
2026-07-18T23:59:06,2.4,45.4,42.0,15.0
2026-07-18T23:59:16,1.7,44.8,41.5,12.0
2026-07-18T23:59:26,1.7,44.3,41.0,12.0
2026-07-18T23:59:36,1.8,43.9,40.5,12.0
2026-07-18T23:59:46,1.7,43.4,40.1,12.0
2026-07-18T23:59:56,1.8,43.1,39.7,12.0
2026-07-19T00:00:06,2.9,42.8,39.4,21.0
2026-07-19T00:00:16,1.5,42.4,39.0,12.0
